[
null,
{"id":1,"battlerName":"Actor1_5","characterIndex":4,"characterName":"Actor1","classId":1,"equips":[1,1,0,3,0],"faceIndex":4,"faceName":"Actor1","traits":[],"initialLevel":1,"maxLevel":99,"name":"Harold","nickname":"","note":"","profile":""},
{"id":2,"battlerName":"Actor1_2","characterIndex":1,"characterName":"Actor1","classId":2,"equips":[2,1,0,3,5],"faceIndex":1,"faceName":"Actor1","traits":[],"initialLevel":1,"maxLevel":99,"name":"Therese","nickname":"","note":"","profile":""},
{"id":3,"battlerName":"Actor1_6","characterIndex":5,"characterName":"Actor1","classId":3,"equips":[3,0,2,3,4],"faceIndex":5,"faceName":"Actor1","traits":[],"initialLevel":1,"maxLevel":99,"name":"Marsha","nickname":"","note":"","profile":""},
{"id":4,"battlerName":"Actor2_7","characterIndex":6,"characterName":"Actor2","classId":4,"equips":[4,0,0,3,4],"faceIndex":6,"faceName":"Actor2","traits":[],"initialLevel":1,"maxLevel":99,"name":"Lucius","nickname":"","note":"","profile":""}
]