{
"autoplayBgm":false,"autoplayBgs":false,"battleback1Name":"","battleback2Name":"","bgm":{"name":"","pan":0,"pitch":100,"volume":90},"bgs":{"name":"","pan":0,"pitch":100,"volume":90},"disableDashing":false,"displayName":"","encounterList":[],"encounterStep":30,"height":13,"note":"","parallaxLoopX":false,"parallaxLoopY":false,"parallaxName":"","parallaxShow":true,"parallaxSx":0,"parallaxSy":0,"scrollType":0,"specifyBattleback":false,"tilesetId":3,"width":17,
"data":[0,0,0,0,0,0,0,0,0,0,0,0,0,0,0,0,0,0,0,6835,6833,6833,6833,6833,6833,6833,6833,6833,6833,6833,6833,6837,0,0,0,0,6832,2387,7187,7186,7186,7186,7186,7186,7186,7186,7190,2387,6832,0,0,0,0,6832,2387,7193,7192,7192,7192,7192,7192,7192,7192,7196,2387,6832,0,0,0,0,6832,2464,1553,1553,3242,1553,1553,1553,3242,1553,1553,2464,6832,0,0,0,0,6832,2464,1553,1553,3241,3233,3233,3233,3239,1553,1553,2464,6832,0,0,0,0,6832,2464,1553,1553,1553,1553,1553,1553,1553,1553,1553,2464,6832,0,0,0,0,6832,2464,1553,1553,1553,1553,1553,1553,1553,1553,1553,2464,6832,0,0,0,0,6832,2464,1553,1553,1553,1553,1553,1553,1553,1553,1553,2464,6832,0,0,0,0,6832,2464,1553,1553,1553,1553,1553,1553,1553,1553,1553,2464,6832,0,0,0,0,6832,2476,1553,1553,1553,1553,1553,1553,1553,1553,1553,2476,6832,0,0,0,0,6841,6833,6833,6833,6845,1553,1553,1553,6843,6833,6833,6833,6839,0,0,0,0,0,0,0,0,0,0,0,0,0,0,0,0,0,0,0,0,0,0,0,0,0,0,0,0,0,0,0,0,0,0,0,0,0,0,0,0,0,0,0,0,0,0,0,0,0,0,0,0,0,0,0,0,0,0,0,0,0,0,0,0,0,0,0,0,0,0,0,0,0,0,0,0,0,0,0,0,0,0,0,0,0,0,0,0,0,0,0,0,0,3194,0,0,0,3194,0,0,0,0,0,0,0,0,0,0,0,0,3193,3185,3185,3185,3191,0,0,0,0,0,0,0,0,0,0,0,0,0,0,0,0,0,0,0,0,0,0,0,0,0,0,0,0,0,0,0,0,0,0,0,0,0,0,0,0,0,0,0,0,0,0,0,0,0,0,0,0,0,0,0,0,0,0,0,0,0,0,0,0,0,0,0,0,0,0,0,0,0,0,0,0,0,0,0,0,0,0,0,0,0,0,0,0,0,0,0,0,0,0,0,0,0,0,0,0,0,0,0,0,0,0,0,0,0,0,0,0,0,0,0,0,0,0,0,0,0,0,0,0,0,0,0,0,0,0,0,0,0,0,0,0,0,0,0,0,0,0,0,0,0,0,0,0,0,0,0,0,0,0,0,0,0,0,0,0,0,0,0,0,0,0,0,0,0,0,0,0,0,0,0,0,0,0,0,0,0,0,0,0,0,0,0,0,0,0,0,0,0,0,0,0,0,0,0,0,0,0,0,0,0,0,0,0,0,0,0,0,0,0,0,0,0,0,0,0,0,0,0,0,0,0,0,0,0,0,0,0,0,0,0,0,0,0,0,0,0,0,0,0,0,0,0,0,0,0,0,0,0,0,0,0,0,0,0,0,0,0,0,0,0,0,0,0,0,0,0,0,0,0,0,0,0,0,0,0,0,0,0,0,0,0,0,0,0,0,0,0,0,0,0,0,0,0,0,0,0,0,0,0,0,0,0,0,0,0,0,0,0,0,0,0,0,0,0,0,0,0,0,0,0,0,0,0,0,0,0,0,0,0,0,0,0,0,0,0,0,0,0,0,0,0,0,0,0,0,0,0,0,0,0,0,0,0,0,0,0,0,0,0,0,0,0,0,0,0,0,0,0,0,0,0,0,0,0,0,0,0,0,0,431,430,0,0,386,0,0,388,389,0,0,0,0,0,0,0,0,439,438,0,0,0,0,0,0,0,0,0,0,0,0,0,0,0,428,0,339,0,0,0,337,0,427,0,0,0,0,0,0,0,0,436,0,340,0,324,0,331,0,435,0,0,0,0,0,0,0,0,0,0,0,0,0,0,0,0,0,0,0,0,0,0,0,0,0,0,0,0,0,0,0,0,0,0,0,0,0,0,0,0,0,0,0,0,0,0,0,0,0,0,0,0,0,0,0,0,0,0,0,0,0,0,0,0,0,0,0,0,0,0,0,0,0,0,0,0,0,0,0,0,0,0,0,0,0,0,0,0,0,0,0,0,0,0,0,0,0,0,0,0,0,0,0,0,0,0,0,0,0,0,0,0,0,0,0,0,0,0,0,0,0,0,0,0,0,0,0,0,0,0,0,0,0,0,0,0,0,0,0,0,0,0,0,0,0,0,0,0,0,0,0,0,0,0,0,0,0,0,0,0,5,0,0,0,0,0,0,0,0,0,5,0,0,0,0,0,0,5,0,0,0,0,0,0,0,0,0,5,0,0,0,0,0,0,5,0,0,0,0,0,0,0,0,0,0,0,0,0,0,0,0,5,0,0,0,0,0,0,0,0,0,0,0,0,0,0,0,0,5,0,0,0,0,0,0,0,0,0,0,0,0,0,0,0,0,5,0,0,0,0,0,0,0,0,0,0,0,0,0,0,0,0,5,0,0,0,0,0,0,0,0,0,0,0,0,0,0,0,0,5,0,0,0,0,0,0,0,0,0,0,0,0,0,0,0,0,5,0,0,0,0,0,0,0,0,0,0,0,0,0,0,0,0,0,0,0,0,0,0,0,0,0,0,0,0,0,0,0,0,0,0,0,0,0,0,0,0,0,0,0,0,0,0,0,0,0,0,0,0,0,0,0,0,0,0,0,0,0,0,0,0,0,0,0,0,0,0,0,0,0,0,0,0,0,0,0,0,0,0,0,0,0,0,0,0,0,0,0,0,0,0,0,0,0,0,0,0,0,0,0,0,0,0,0,0,0,0,0,0,0,0,0,0,0,0,0,0,0,0,0,0,0,0,0,0,0,0,0,0,0,0,0,0,0,0,0,0,0,0,0,0,0,0,0,0,0,0,0,0,0,0,0,0,0,0,0,0,0,0,0,0,0,0,0,0,0,0,0,0,0,0,0,0,0,0,0,0,0,0,0,0,0,0,0,0,0,0,0,0,0,0,0,0,0,0,0,0,0,0,0,0,0,0,0,0,0,0,0,0,0,0,0,0,0,0,0,0,0,0,0,0,0,0,0,0,0,0,0,0,0,0,0,0,0,0,0,0,0,0,0,0,0,0,0,0,0,0,0,0,0,0,0,0,0,0,0,0,0,0,0,0,0,0,0,0],
"events":[
null,
{"id":1,"name":"Chest","note":"","pages":[{"conditions":{"actorId":1,"actorValid":false,"itemId":1,"itemValid":false,"selfSwitchCh":"A","selfSwitchValid":false,"switch1Id":1,"switch1Valid":false,"switch2Id":1,"switch2Valid":false,"variableId":1,"variableValid":false,"variableValue":0},"directionFix":false,"image":{"tileId":0,"characterName":"!Chest","direction":2,"pattern":0,"characterIndex":6},"list":[{"code":126,"indent":0,"parameters":[1,0,0,1]},{"code":126,"indent":0,"parameters":[4,0,0,1]},{"code":126,"indent":0,"parameters":[3,0,0,1]},{"code":101,"indent":0,"parameters":["",0,0,2,""]},{"code":401,"indent":0,"parameters":["You took a potion, a beer and a herb."]},{"code":123,"indent":0,"parameters":["A",0]},{"code":0,"indent":0,"parameters":[]}],"moveFrequency":3,"moveRoute":{"list":[{"code":0,"parameters":[]}],"repeat":true,"skippable":false,"wait":false},"moveSpeed":3,"moveType":0,"priorityType":1,"stepAnime":false,"through":false,"trigger":0,"walkAnime":true},{"conditions":{"actorId":1,"actorValid":false,"itemId":1,"itemValid":false,"selfSwitchCh":"A","selfSwitchValid":true,"switch1Id":1,"switch1Valid":false,"switch2Id":1,"switch2Valid":false,"variableId":1,"variableValid":false,"variableValue":0},"directionFix":false,"image":{"tileId":0,"characterName":"!Chest","direction":2,"pattern":0,"characterIndex":6},"list":[{"code":126,"indent":0,"parameters":[1,0,0,1]},{"code":101,"indent":0,"parameters":["",0,0,2,""]},{"code":401,"indent":0,"parameters":["You took another potion."]},{"code":0,"indent":0,"parameters":[]}],"moveFrequency":3,"moveRoute":{"list":[{"code":0,"parameters":[]}],"repeat":true,"skippable":false,"wait":false},"moveSpeed":3,"moveType":0,"priorityType":1,"stepAnime":false,"through":false,"trigger":0,"walkAnime":true}],"x":6,"y":6},
{"id":2,"name":"Calista","note":"","pages":[{"conditions":{"actorId":1,"actorValid":false,"itemId":1,"itemValid":false,"selfSwitchCh":"A","selfSwitchValid":false,"switch1Id":1,"switch1Valid":false,"switch2Id":1,"switch2Valid":false,"variableId":1,"variableValid":false,"variableValue":0},"directionFix":false,"image":{"tileId":0,"characterName":"People4","direction":2,"pattern":1,"characterIndex":3},"list":[{"code":101,"indent":0,"parameters":["People4",3,0,2]},{"code":401,"indent":0,"parameters":["Welcome to the academy, \\N[1]!"]},{"code":101,"indent":0,"parameters":["People4",3,0,2]},{"code":401,"indent":0,"parameters":["My name is Calista."]},{"code":101,"indent":0,"parameters":["People4",3,0,2]},{"code":401,"indent":0,"parameters":["What kind of lesson do you want?"]},{"code":102,"indent":0,"parameters":[["Basics","Extra","Adventure","Cancel"],2,0,2,0]},{"code":402,"indent":0,"parameters":[0,"Basics"]},{"code":102,"indent":1,"parameters":[["Battle Processing","Battle Event","Cancel"],3,0,2,0]},{"code":402,"indent":1,"parameters":[0,"Battle Processing"]},{"code":102,"indent":2,"parameters":[["Yes","No"],1,0,2,0]},{"code":402,"indent":2,"parameters":[0,"Yes"]},{"code":221,"indent":3,"parameters":[]},{"code":201,"indent":3,"parameters":[0,8,13,10,0,0]},{"code":0,"indent":3,"parameters":[]},{"code":402,"indent":2,"parameters":[1,"No"]},{"code":0,"indent":3,"parameters":[]},{"code":404,"indent":2,"parameters":[]},{"code":0,"indent":2,"parameters":[]},{"code":402,"indent":1,"parameters":[1,"Battle Event"]},{"code":102,"indent":2,"parameters":[["Yes","No"],1,0,2,0]},{"code":402,"indent":2,"parameters":[0,"Yes"]},{"code":221,"indent":3,"parameters":[]},{"code":201,"indent":3,"parameters":[0,5,13,22,0,0]},{"code":0,"indent":3,"parameters":[]},{"code":402,"indent":2,"parameters":[1,"No"]},{"code":0,"indent":3,"parameters":[]},{"code":404,"indent":2,"parameters":[]},{"code":0,"indent":2,"parameters":[]},{"code":402,"indent":1,"parameters":[2,"Cancel"]},{"code":102,"indent":2,"parameters":[["Yes","No"],1,0,2,0]},{"code":402,"indent":2,"parameters":[0,"Yes"]},{"code":221,"indent":3,"parameters":[]},{"code":201,"indent":3,"parameters":[0,8,13,10,0,0]},{"code":0,"indent":3,"parameters":[]},{"code":402,"indent":2,"parameters":[1,"No"]},{"code":0,"indent":3,"parameters":[]},{"code":404,"indent":2,"parameters":[]},{"code":0,"indent":2,"parameters":[]},{"code":404,"indent":1,"parameters":[]},{"code":0,"indent":1,"parameters":[]},{"code":402,"indent":0,"parameters":[1,"Extra"]},{"code":102,"indent":1,"parameters":[["Skill Teleport","Transition Battle","Cancel"],2,0,2,0]},{"code":402,"indent":1,"parameters":[0,"Skill Teleport"]},{"code":102,"indent":2,"parameters":[["Yes","No"],1,0,2,0]},{"code":402,"indent":2,"parameters":[0,"Yes"]},{"code":221,"indent":3,"parameters":[]},{"code":201,"indent":3,"parameters":[0,6,7,16,0,0]},{"code":0,"indent":3,"parameters":[]},{"code":402,"indent":2,"parameters":[1,"No"]},{"code":0,"indent":3,"parameters":[]},{"code":404,"indent":2,"parameters":[]},{"code":0,"indent":2,"parameters":[]},{"code":402,"indent":1,"parameters":[1,"Transition Battle"]},{"code":102,"indent":2,"parameters":[["Yes","No"],1,0,2,0]},{"code":402,"indent":2,"parameters":[0,"Yes"]},{"code":221,"indent":3,"parameters":[]},{"code":201,"indent":3,"parameters":[0,1,13,10,0,0]},{"code":0,"indent":3,"parameters":[]},{"code":402,"indent":2,"parameters":[1,"No"]},{"code":0,"indent":3,"parameters":[]},{"code":404,"indent":2,"parameters":[]},{"code":0,"indent":2,"parameters":[]},{"code":402,"indent":1,"parameters":[2,"Cancel"]},{"code":0,"indent":2,"parameters":[]},{"code":404,"indent":1,"parameters":[]},{"code":0,"indent":1,"parameters":[]},{"code":402,"indent":0,"parameters":[2,"Adventure"]},{"code":102,"indent":1,"parameters":[["Yes","No"],1,0,2,0]},{"code":402,"indent":1,"parameters":[0,"Yes"]},{"code":221,"indent":2,"parameters":[]},{"code":201,"indent":2,"parameters":[0,10,3,1,0,0]},{"code":222,"indent":2,"parameters":[]},{"code":0,"indent":2,"parameters":[]},{"code":402,"indent":1,"parameters":[1,"No"]},{"code":0,"indent":2,"parameters":[]},{"code":404,"indent":1,"parameters":[]},{"code":0,"indent":1,"parameters":[]},{"code":402,"indent":0,"parameters":[3,"Cancel"]},{"code":0,"indent":1,"parameters":[]},{"code":404,"indent":0,"parameters":[]},{"code":230,"indent":0,"parameters":[60]},{"code":0,"indent":0,"parameters":[]}],"moveFrequency":3,"moveRoute":{"list":[{"code":0,"parameters":[]}],"repeat":true,"skippable":false,"wait":false},"moveSpeed":3,"moveType":0,"priorityType":1,"stepAnime":true,"through":false,"trigger":0,"walkAnime":true}],"x":8,"y":4},
null,
null
]
}