[
null,
{"id":1,"expanded":true,"name":"Transition Battle","order":6,"parentId":3,"scrollX":710,"scrollY":637},
{"id":2,"expanded":true,"name":"Academy","order":1,"parentId":0,"scrollX":635.1111111111111,"scrollY":566.2222222222222},
{"id":3,"expanded":true,"name":"Battle","order":2,"parentId":0,"scrollX":635.1111111111111,"scrollY":559.1111111111111},
null,
{"id":5,"expanded":true,"name":"Battle Event","order":4,"parentId":3,"scrollX":642.2222222222222,"scrollY":672.8888888888889},
{"id":6,"expanded":true,"name":"Teleport Skill","order":5,"parentId":3,"scrollX":635.1111111111111,"scrollY":566.2222222222222},
null,
{"id":8,"expanded":true,"name":"Battle Processing","order":3,"parentId":3,"scrollX":635.1111111111111,"scrollY":559.1111111111111},
null,
{"id":10,"expanded":false,"name":"Dungeon","order":7,"parentId":3,"scrollX":635.1111111111111,"scrollY":566.2222222222222}
]