[
null,
{"id":1,"animationId":-1,"damage":{"critical":true,"elementId":-1,"formula":"a.atk * 4 - b.def * 2;","type":1,"variance":20},"description":"","effects":[{"code":21,"dataId":0,"value1":1,"value2":0}],"hitType":1,"iconIndex":76,"message1":"%1 attacks!","message2":"","mpCost":0,"name":"Attack","note":"Skill #1 will be used when you select\nthe Attack command.\n<Range:0 1 rectangle>","occasion":1,"repeats":1,"requiredWtypeId1":0,"requiredWtypeId2":0,"scope":1,"speed":0,"stypeId":0,"successRate":100,"tpCost":0,"tpGain":10,"messageType":1},
{"id":2,"animationId":0,"damage":{"critical":false,"elementId":0,"formula":"0","type":0,"variance":20},"description":"","effects":[{"code":21,"dataId":2,"value1":1,"value2":0}],"hitType":0,"iconIndex":81,"message1":"%1 guards.","message2":"","mpCost":0,"name":"Guard","note":"Skill #2 will be used when you select\nthe Guard command.","occasion":1,"repeats":1,"requiredWtypeId1":0,"requiredWtypeId2":0,"scope":11,"speed":2000,"stypeId":0,"successRate":100,"tpCost":0,"tpGain":10,"messageType":1},
{"id":3,"animationId":-1,"damage":{"critical":true,"elementId":-1,"formula":"a.atk * 4 - b.def * 2","type":1,"variance":20},"description":"A fast attack which an enemy twice.","effects":[{"code":21,"dataId":0,"value1":1,"value2":0}],"hitType":1,"iconIndex":76,"message1":"%1 attacks!","message2":"","mpCost":0,"name":"Dual Attack","note":"<Range:0 1 rectangle>","occasion":1,"repeats":2,"requiredWtypeId1":0,"requiredWtypeId2":0,"scope":1,"speed":0,"stypeId":2,"successRate":100,"tpCost":0,"tpGain":5,"messageType":1},
{"id":4,"animationId":-1,"damage":{"critical":true,"elementId":-1,"formula":"a.atk * 4 - b.def * 2","type":1,"variance":20},"description":"A surprising attack which hits two enemies.","effects":[{"code":21,"dataId":0,"value1":1,"value2":0}],"hitType":1,"iconIndex":76,"message1":"%1 attacks!","message2":"","mpCost":0,"name":"Double Attack","note":"<Range:1>","occasion":1,"repeats":1,"requiredWtypeId1":0,"requiredWtypeId2":0,"scope":4,"speed":0,"stypeId":2,"successRate":100,"tpCost":0,"tpGain":5,"messageType":1},
{"id":5,"animationId":-1,"damage":{"critical":false,"elementId":-1,"formula":"a.atk * 4 - b.def * 2","type":1,"variance":20},"description":"A furious attack which hits all enemy around!","effects":[{"code":21,"dataId":0,"value1":1,"value2":0}],"hitType":1,"iconIndex":76,"message1":"%1 attacks!","message2":"","mpCost":0,"name":"Wild Attack","note":"<Range:2>","occasion":1,"repeats":1,"requiredWtypeId1":0,"requiredWtypeId2":0,"scope":2,"speed":0,"stypeId":2,"successRate":100,"tpCost":0,"tpGain":4,"messageType":1},
{"id":6,"animationId":0,"damage":{"critical":false,"elementId":0,"formula":"0","type":0,"variance":20},"description":"","effects":[{"code":41,"dataId":0,"value1":0,"value2":0}],"hitType":0,"iconIndex":82,"message1":"%1 flees.","message2":"","mpCost":0,"name":"Escape","note":"","occasion":1,"repeats":1,"requiredWtypeId1":0,"requiredWtypeId2":0,"scope":11,"speed":0,"stypeId":0,"successRate":100,"tpCost":0,"tpGain":0,"messageType":1},
{"id":7,"animationId":0,"damage":{"critical":false,"elementId":0,"formula":"0","type":0,"variance":20},"description":"","effects":[],"hitType":0,"iconIndex":81,"message1":"%1 waits.","message2":"","mpCost":0,"name":"Wait","note":"","occasion":1,"repeats":1,"requiredWtypeId1":0,"requiredWtypeId2":0,"scope":0,"speed":0,"stypeId":0,"successRate":100,"tpCost":0,"tpGain":10,"messageType":1},
{"id":8,"animationId":41,"damage":{"critical":false,"elementId":0,"formula":"200 + a.mat","type":3,"variance":20},"description":"A spell which heals an ally.","effects":[],"hitType":0,"iconIndex":72,"message1":"%1 casts %2!","message2":"","mpCost":5,"name":"Heal","note":"","occasion":0,"repeats":1,"requiredWtypeId1":0,"requiredWtypeId2":0,"scope":7,"speed":0,"stypeId":1,"successRate":100,"tpCost":0,"tpGain":10,"messageType":1},
{"id":9,"animationId":66,"damage":{"critical":false,"elementId":2,"formula":"100 + a.mat * 2 - b.mdf * 2","type":1,"variance":20},"description":"A spell which attacks an enemy with fire.","effects":[],"hitType":2,"iconIndex":64,"message1":"%1 casts %2!","message2":"","mpCost":5,"name":"Fire","note":"<Range:3>","occasion":1,"repeats":1,"requiredWtypeId1":0,"requiredWtypeId2":0,"scope":1,"speed":-10,"stypeId":1,"successRate":100,"tpCost":0,"tpGain":10,"messageType":1},
{"id":10,"animationId":78,"damage":{"critical":false,"elementId":4,"formula":"100 + a.mat * 2 - b.mdf * 2","type":1,"variance":20},"description":"A mights spell which casts a thunder strike on all enemies.","effects":[],"hitType":2,"iconIndex":66,"message1":"%1 casts %2!","message2":"","mpCost":5,"name":"Spark","note":"<Range:4>","occasion":1,"repeats":1,"requiredWtypeId1":0,"requiredWtypeId2":0,"scope":2,"speed":0,"stypeId":1,"successRate":100,"tpCost":0,"tpGain":10,"messageType":1},
{"id":11,"animationId":117,"damage":{"critical":false,"elementId":0,"formula":"0","type":0,"variance":20},"description":"A spell which teleports its caster.","effects":[],"hitType":0,"iconIndex":70,"message1":"%1 casts %2!","message2":"","mpCost":0,"name":"User Teleport","note":"<Effect: Teleport>\n<Formula: 10>","occasion":0,"repeats":1,"requiredWtypeId1":0,"requiredWtypeId2":0,"scope":11,"speed":0,"stypeId":1,"successRate":100,"tpCost":0,"tpGain":0,"messageType":1},
{"id":12,"animationId":117,"damage":{"critical":false,"elementId":0,"formula":"0","type":0,"variance":20},"description":"A spell which teleports an ally.","effects":[],"hitType":0,"iconIndex":70,"message1":"%1 casts %2!","message2":"","mpCost":0,"name":"Ally Teleport","note":"<Effect: Teleport>","occasion":0,"repeats":1,"requiredWtypeId1":0,"requiredWtypeId2":0,"scope":7,"speed":0,"stypeId":1,"successRate":100,"tpCost":0,"tpGain":0,"messageType":1},
{"id":13,"animationId":51,"damage":{"critical":false,"elementId":0,"formula":"0","type":0,"variance":20},"description":"A powerfull spell which boosts all allies to move faster.","effects":[{"code":21,"dataId":11,"value1":1,"value2":0}],"hitType":0,"iconIndex":74,"message1":"","message2":"","mpCost":10,"name":"Celerity","note":"<Range:4>\n<Name:Boost>\n","occasion":0,"repeats":1,"requiredWtypeId1":0,"requiredWtypeId2":0,"scope":8,"speed":0,"stypeId":1,"successRate":100,"tpCost":0,"tpGain":0,"messageType":1}
]