[
null,
{"id":1,"members":[{"enemyId":1,"x":350,"y":325,"hidden":false},{"enemyId":1,"x":153,"y":444,"hidden":false}],"name":"StandardBattle","pages":[{"conditions":{"actorHp":50,"actorId":1,"actorValid":false,"enemyHp":50,"enemyIndex":0,"enemyValid":false,"switchId":1,"switchValid":false,"turnA":0,"turnB":0,"turnEnding":false,"turnValid":false},"list":[{"code":0,"indent":0,"parameters":[]}],"span":0}]},
{"id":2,"members":[{"enemyId":2,"x":182,"y":444,"hidden":false},{"enemyId":3,"x":370,"y":334,"hidden":false}],"name":"BattleEvent","pages":[{"conditions":{"actorHp":50,"actorId":1,"actorValid":false,"enemyHp":0,"enemyIndex":0,"enemyValid":true,"switchId":1,"switchValid":false,"turnA":0,"turnB":0,"turnEnding":false,"turnValid":false},"list":[{"code":357,"indent":0,"parameters":["TacticsSystem","MapClearTiles","Map Clear Tiles",{}]},{"code":121,"indent":0,"parameters":[11,11,0]},{"code":0,"indent":0,"parameters":[]}],"span":0},{"conditions":{"actorHp":50,"actorId":1,"actorValid":false,"enemyHp":50,"enemyIndex":0,"enemyValid":false,"switchId":2,"switchValid":true,"turnA":0,"turnB":0,"turnEnding":false,"turnValid":false},"list":[{"code":101,"indent":0,"parameters":["",0,1,0,""]},{"code":401,"indent":0,"parameters":["\\C[16]\\>\\{Player Phase!\\}\\|\\|\\|\\^\\C[0]"]},{"code":0,"indent":0,"parameters":[]}],"span":1},{"conditions":{"actorHp":50,"actorId":1,"actorValid":false,"enemyHp":50,"enemyIndex":0,"enemyValid":false,"switchId":3,"switchValid":true,"turnA":0,"turnB":0,"turnEnding":false,"turnValid":false},"list":[{"code":101,"indent":0,"parameters":["",0,1,0,""]},{"code":401,"indent":0,"parameters":["\\C[16]\\>\\{Enemy Phase!\\}\\|\\|\\|\\^\\C[0]"]},{"code":0,"indent":0,"parameters":[]}],"span":1}]},
{"id":3,"members":[{"enemyId":4,"x":79,"y":426,"hidden":false},{"enemyId":4,"x":192,"y":322,"hidden":false},{"enemyId":4,"x":291,"y":438,"hidden":false},{"enemyId":4,"x":402,"y":313,"hidden":false},{"enemyId":4,"x":506,"y":444,"hidden":false},{"enemyId":4,"x":684,"y":444,"hidden":false},{"enemyId":5,"x":661,"y":310,"hidden":false}],"name":"Adventure","pages":[{"conditions":{"actorHp":50,"actorId":1,"actorValid":false,"enemyHp":0,"enemyIndex":0,"enemyValid":false,"switchId":1,"switchValid":false,"turnA":2,"turnB":0,"turnEnding":false,"turnValid":true},"list":[{"code":121,"indent":0,"parameters":[14,14,0]},{"code":0,"indent":0,"parameters":[]}],"span":0}]}
]