[
null,
{"id":1,"animationId":6,"description":"Sharp blade for all surrounding foes.","etypeId":1,"traits":[{"code":31,"dataId":1,"value":0}],"iconIndex":97,"name":"Sword","note":"<Range:0 1 rectangle>","params":[0,0,10,0,0,0,0,0],"price":500,"wtypeId":2},
{"id":2,"animationId":6,"description":"Axe which will return if thrown","etypeId":1,"traits":[{"code":31,"dataId":1,"value":0},{"code":22,"dataId":0,"value":0}],"iconIndex":99,"name":"Axe of Return","note":"<Range:0 3 line>","params":[0,0,10,0,0,0,0,0],"price":500,"wtypeId":4},
{"id":3,"animationId":1,"description":"Cane is a long weapon with longer range - be ahead!","etypeId":1,"traits":[{"code":31,"dataId":1,"value":0},{"code":22,"dataId":0,"value":0}],"iconIndex":101,"name":"Cane","note":"<Range:2>","params":[0,0,10,0,0,0,0,0],"price":500,"wtypeId":6},
{"id":4,"animationId":11,"description":"Cool stuff - but hold you enemy on distance","etypeId":1,"traits":[{"code":31,"dataId":1,"value":0},{"code":22,"dataId":0,"value":0},{"code":33,"dataId":0,"value":1},{"code":34,"dataId":0,"value":1}],"iconIndex":102,"name":"Bow of Two Arrows","note":"<Range:1 4>","params":[0,0,10,0,0,0,0,0],"price":500,"wtypeId":7}
]